Country Name,0
Argentina,70553.54898870968
Brazil,165892.74097096772
Cameroon,3047.7419570161287
United Kingdom,239100.16117258064
India,643269.8385999999
